,index,songname
0,0,#ImSippinTeaInYoHood.json
1,1,'03 Adolescence.json
2,2,'39.json
3,3,(Are You) The One That I've Been Waiting For.json
4,4,(I Love You) For Sentimental Reasons.json
5,5,(You're The) Devil In Disguise.json
6,6,02 Panic Room.json
7,7,1.5.json
8,8,10 Feet Down.json
9,9,"10,000 Days (Wings Pt. 2).json"
10,10,100 Letters.json
11,11,18.json
12,12,24 Cans.json
13,13,24K Magic.json
14,14,25 To Life.json
15,15,3 A.M..json
16,16,4U.json
17,17,7 Min Freestyle.json
18,18,7 Rings.json
19,19,80's Mercedes.json
20,20,90210 (feat. G-Eazy).json
21,21,90210.json
22,22,"A Car, a Torch, a Death.json"
23,23,A Day in the Life.json
24,24,A Deep Slow Panic.json
25,25,A Final Dream.json
26,26,A Fly Girl.json
27,27,A Holly Jolly Christmas.json
28,28,A Little Bit of Your Heart.json
29,29,A Little Bitty Tear.json
30,30,A Little Boogie Woogie (In The Back Of My Mind).json
31,31,A Little Less Conversation.json
32,32,A Little Too Much.json
33,33,A Lot Of Things Different.json
34,34,A Simple Song.json
35,35,A Song for You.json
36,36,A Woman Left Lonely.json
37,37,A Word from Our Sponsor [Instrumental][Mix].json
38,38,A Word from Our Sponsor.json
39,39,A Year Without Rain.json
40,40,Across the Universe.json
41,41,Addict With a Pen.json
42,42,Aenema.json
43,43,Aftertaste.json
44,44,Ain't a Thug (feat. Trey Songz).json
45,45,Ain't Life Grand.json
46,46,Ain't No Stopping Us Now.json
47,47,Air Catcher.json
48,48,Airstream Song.json
49,49,All American Middle Class White Boy.json
50,50,All I Have.json
51,51,All I Want For Christmas Is You.json
52,52,All My Friends Say.json
53,53,All Over Me.json
54,54,All Shook Up.json
55,55,All That It Takes.json
56,56,All These Years.json
57,57,All We'd Ever Need.json
58,58,All You Need Is Love.json
59,59,Almost Human.json
60,60,Almost Is Never Enough.json
61,61,"Alone, Part 3.json"
62,62,Alone.json
63,63,Always Be My Baby.json
64,64,Always Gonna Be You.json
65,65,Always On My Mind.json
66,66,Amarillo Sky.json
67,67,Ambition.json
68,68,America.json
69,69,American Honey.json
70,70,Amnesia.json
71,71,Amsterdam.json
72,72,An American Trilogy.json
73,73,An Angel Came Down.json
74,74,An Angel Returned.json
75,75,Anchor.json
76,76,Ancient Waters.json
77,77,Angels Cry.json
78,78,Another One Bites The Dust.json
79,79,Anxiety.json
80,80,Anything But Mine.json
81,81,Anytime You Need A Friend.json
82,82,Apparently.json
83,83,Aqua Boogie (A Psychoalphadiscobetabioaquadoloop) [Original 12'' Versi].json
84,84,Aqua Boogie (A Psychoalphadiscobetabioaquadoloop).json
85,85,Aqui Esta Tu Caldo.json
86,86,Are You Lonesome Tonight.json
87,87,Arleen.json
88,88,As Far As She'll Let Me Go.json
89,89,As I Sat Sadly by Her Side.json
90,90,As Long as You Love Me.json
91,91,As Time Goes By.json
92,92,As You Turn Away.json
93,93,ASMR.json
94,94,Asphalt Cowboy.json
95,95,Aunt Rhody.json
96,96,Austin.json
97,97,Ayala (Outro).json
98,98,Baby Girl.json
99,99,Baby I.json
100,100,Baby.json
101,101,Babylon.json
102,102,Back In This Cigarette.json
103,103,Back It Up.json
104,104,Back On It.json
105,105,Back to a Reason (Part II).json
106,106,Back to You.json
107,107,Bad at Love.json
108,108,Bad Boy Boogie.json
109,109,Bad Business.json
110,110,Bad Guy.json
111,111,Bad Liar.json
112,112,Bad Reputation.json
113,113,Bad Things.json
114,114,Bad Together.json
115,115,Bad.json
116,116,Ball Without You.json
117,117,Bang Bang.json
118,118,Bank Account.json
119,119,Bartier Cardi.json
120,120,Battery.json
121,121,Be Careful.json
122,122,Be The One.json
123,123,Bear's Gone Fishin'.json
124,124,Beautiful Bliss.json
125,125,Beautiful.json
126,126,Beauty and a Beat.json
127,127,Because I Had You.json
128,128,Bedrock Freestyle.json
129,129,"Been There, Done That.json"
130,130,Beer with Jesus.json
131,131,Before I Close My Eyes.json
132,132,Beg for It.json
133,133,Begging.json
134,134,Believe.json
135,135,Believer.json
136,136,Beside You.json
137,137,Best Mistake (feat. Big Sean).json
138,138,Best Of Me.json
139,139,Better As A Memory.json
140,140,Better Left Unsaid.json
141,141,Better Place.json
142,142,Bickenhead.json
143,143,Bicycle Race.json
144,144,Big Green Tractor.json
145,145,Blackbird.json
146,146,Bleeding Out.json
147,147,Blocks.json
148,148,Blow Your Mind (Mwah).json
149,149,Blue Indian.json
150,150,Blue Jeans.json
151,151,Blue Moon.json
152,152,Blue Suede Shoes (Carl Perkins cover).json
153,153,Blue Tail Fly.json
154,154,Bodak Yellow.json
155,155,Body Like a Back Road.json
156,156,Bohemian Rhapsody.json
157,157,Bomb.json
158,158,Boogie Oogie Oogie.json
159,159,Born a Thug.json
160,160,Born to Die.json
161,161,Boston.json
162,162,Bottle It Up.json
163,163,Bow Down.json
164,164,Boyfriend.json
165,165,Break Free (feat. Zedd).json
166,166,Break Up In A Small Town.json
167,167,Breakdown.json
168,168,Breathe.json
169,169,Breathin.json
170,170,Bring It On (feat. Akon).json
171,171,Bring Me Down.json
172,172,Broken Halos.json
173,173,Broken Home.json
174,174,Bronx Season.json
175,175,Bummin' Cigarettes.json
176,176,Burnin It Down.json
177,177,Burning Love.json
178,178,Butterfly.json
179,179,Bye Bye.json
180,180,C. Brown.json
181,181,Califormula.json
182,182,Call Me Irresponsible.json
183,183,Call Me Mr. In-Between.json
184,184,Call Me Up.json
185,185,Can I Live.json
186,186,Can You Hold Me.json
187,187,Can't Cry.json
188,188,Can't Help Falling In Love.json
189,189,Can't Hold Us.json
190,190,Can't Take My Eyes Off You.json
191,191,Car Radio.json
192,192,Carmen.json
193,193,Carry On.json
194,194,"Cars, Clothes & Calories (feat. Tyler Carter).json"
195,195,Castle.json
196,196,Celebration.json
197,197,Changes.json
198,198,Charlie Brown.json
199,199,Chasin' You.json
200,200,Chasing Colors.json
201,201,Chasin’ Them Better Days.json
202,202,Chateau.json
203,203,Check Yes or No (George Strait cover).json
204,204,Chillin'.json
205,205,chillin.json
206,206,Chocolate.json
207,207,Christmas Canon Rock.json
208,208,Christmas Canon.json
209,209,Christmas Time Is Here.json
210,210,Chunky.json
211,211,Cleaning Out My Closet.json
212,212,Climb To Safety.json
213,213,Close My Eyes.json
214,214,Closer (feat. Halsey).json
215,215,Closer.json
216,216,Coconut Juice (feat. Travis McCoy).json
217,217,Cold as Stone.json
218,218,Cold Spot.json
219,219,Colors.json
220,220,Colour.json
221,221,Come Alive (Dry Bones).json
222,222,Come and Get It.json
223,223,Come Fly With Me.json
224,224,Come Over.json
225,225,Come Together.json
226,226,Comeback.json
227,227,Coming Down.json
228,228,Common Denominator.json
229,229,Company You Keep.json
230,230,Consequences.json
231,231,Contemplate.json
232,232,Control.json
233,233,Cop Car.json
234,234,Corazones.json
235,235,Count on Me.json
236,236,Country Girl (Shake It for Me).json
237,237,Cowboys And Angels.json
238,238,Crash and Burn.json
239,239,Crash My Party.json
240,240,Crave.json
241,241,Craving You.json
242,242,Crawl.json
243,243,Crazy Love.json
244,244,Crazy.json
245,245,Crooked Smile.json
246,246,Crown.json
247,247,Cry for Me.json
248,248,Cry Me a River.json
249,249,Crying In The Club.json
250,250,Daddy Doesn't Pray Anymore.json
251,251,Dancin' Away With My Heart.json
252,252,Dangerous Woman.json
253,253,Dark Paradise.json
254,254,Dead Flowers.json
255,255,Dead Inside (Interlude).json
256,256,Dead People.json
257,257,Deadroses.json
258,258,Dear Diamond.json
259,259,Deathgrip.json
260,260,Deja Vu.json
261,261,Delia's Gone.json
262,262,Demons.json
263,263,Depression and Obsession.json
264,264,Despacito (with Daddy Yankee feat. Justin Bieber).json
265,265,Desperation.json
266,266,Deuces.json
267,267,Devil in Me.json
268,268,Diamond Life.json
269,269,Diary.json
270,270,Dibs.json
271,271,Die a Happy Man.json
272,272,Diet Mountain Dew.json
273,273,"Dinner For One Please, James.json"
274,274,Dip Dip.json
275,275,Dirt Road Anthem.json
276,276,Dirty Laundry.json
277,277,Disconnected.json
278,278,Disgustipated.json
279,279,Diz Iz Me.json
280,280,Do I.json
281,281,Do Re Mi.json
282,282,Do The Panic.json
283,283,Do You Love Me.json
284,284,Do You Wish It Was Me.json
285,285,Don't Be Cruel.json
286,286,Don't Blink.json
287,287,Don't Forget About Us.json
288,288,Don't Give Up on Me.json
289,289,Don't Happen Twice.json
290,290,Don't Make Me.json
291,291,Don't Panic.json
292,292,Don't Regret It Now (feat. Patrick Stump).json
293,293,Don't Stop Me Now.json
294,294,Don't You Wanna Stay.json
295,295,Down By The Water.json
296,296,Down for You.json
297,297,Down on My Knees.json
298,298,Down to Earth.json
299,299,Dream Child (A Christmas Dream).json
300,300,Dream.json
301,301,Dreams.json
302,302,Drink A Beer.json
303,303,Drink on It.json
304,304,Drinkin' Too Much.json
305,305,Drip.json
306,306,Drive.json
307,307,Driving Song.json
308,308,Drowning Shadows.json
309,309,Drunk Girls Don't Cry.json
310,310,Drunk On You.json
311,311,Drunkard's Prayer.json
312,312,Dyin Slow.json
313,313,Easy.json
314,314,Eenie Meenie.json
315,315,Either Way.json
316,316,Eleanor Rigby.json
317,317,Electricity.json
318,318,Ella Me Levanto.json
319,319,Elvis Presley And America.json
320,320,Elvis Presley Blues.json
321,321,Emotions.json
322,322,Empty Beer Cans.json
323,323,Empty Gold.json
324,324,En Sus Marcas Listos Fuera.json
325,325,End of the Road (feat. Blackbear).json
326,326,End Up Here.json
327,327,English Love Affair.json
328,328,Enter Sandman.json
329,329,Epiphany.json
330,330,Eulogy.json
331,331,Even If I Wanted To.json
332,332,Every Time I See You.json
333,333,Everybody Dies in Their Nightmares.json
334,334,"Everybody's Gonna Have a Wonderful Time Up There [Gospel Boogie, Take.json"
335,335,Everything.json
336,336,Ex To See.json
337,337,Excuses.json
338,338,Exhibit A.json
339,339,Exo Genesis.json
340,340,Exo-Politics.json
341,341,Exo.json
342,342,Eyes Closed.json
343,343,FaceTime.json
344,344,Fade To Black.json
345,345,Faded.json
346,346,Fake You Out.json
347,347,Fall.json
348,348,Fallen Angel.json
349,349,Fallin' All in You.json
350,350,Falling Down.json
351,351,Famous.json
352,352,Fantasy.json
353,353,Far Away.json
354,354,Fashion Week.json
355,355,Fast.json
356,356,Fat Bottomed Girls.json
357,357,"Father, Son and Holy Ghost.json"
358,358,Feel You.json
359,359,Feeling Good.json
360,360,Fetish.json
361,361,Fifteen Feet of Pure White Snow.json
362,362,Find Me.json
363,363,Fine China.json
364,364,Fine Fine Life.json
365,365,Finesse.json
366,366,Fire Away.json
367,367,First Dance.json
368,368,First Time.json
369,369,First Timers.json
370,370,First.json
371,371,Flex Your Way Out (feat. Blackbear).json
372,372,Flicker.json
373,373,Floor 555.json
374,374,Fly Me to the Moon.json
375,375,Fly Over States.json
376,376,Fly to Your Heart.json
377,377,Fly.json
378,378,Fool's Gold (One Direction cover).json
379,379,For All We Know.json
380,380,For Julian.json
381,381,For We Are The King of the Boudoir.json
382,382,For Whom the Bell Tolls.json
383,383,Forbidden Fruit.json
384,384,Forest.json
385,385,Foreva.json
386,386,Forever.json
387,387,Forgetting Is the Hardest Part.json
388,388,Forty Six & 2.json
389,389,Found You.json
390,390,Four Five Seconds (feat. Kanye West & Paul McCartney).json
391,391,Frank Sinatra.json
392,392,Free Gucci.json
393,393,Freestyle.json
394,394,Friends.json
395,395,Friendship.json
396,396,Fuck Love.json
397,397,Fuera de Control.json
398,398,G.O.M.D..json
399,399,Gang.json
400,400,Gangsta Zone (feat. Snoop Dogg).json
401,401,Garden.json
402,402,"Gasolina (Remix) (feat. Pitbull, N.O.R.E., Lil' Jon).json"
403,403,Gasolina.json
404,404,Gasoline.json
405,405,Gateway Love.json
406,406,Genesis.json
407,407,Get Back.json
408,408,Get Me Some of That.json
409,409,Get Up 10.json
410,410,Ghost Of You.json
411,411,Ghost.json
412,412,GIRL.json
413,413,Girlfriend.json
414,414,Girls.json
415,415,Give It Away.json
416,416,God Gave Me You.json
417,417,God Is a Woman.json
418,418,God Is in the House.json
419,419,God Must Be a Boogie Man [Multimedia Track].json
420,420,God Must Be A Boogie Man.json
421,421,Gods & Monsters.json
422,422,Gone Girl.json
423,423,Goober Peas.json
424,424,Good For You.json
425,425,Good Girls Are Bad Girls (That Haven't Been Caught Yet).json
426,426,Good Thing.json
427,427,Goodbye Time.json
428,428,Goodbye.json
429,429,Gorilla.json
430,430,Gospel Boogie (A Wonderful Time Up There).json
431,431,Got You on My Mind.json
432,432,Gotta Get Out.json
433,433,Grandaddy's Chair.json
434,434,Grave.json
435,435,Green Lights.json
436,436,Greenback Boogie.json
437,437,Grenade.json
438,438,Greta.json
439,439,Growl.json
440,440,Grown Simba.json
441,441,Gunpowder and Lead.json
442,442,Guns For Hands.json
443,443,H..json
444,444,Had Me By Halftime.json
445,445,Hailie's Song.json
446,446,Hallelujah.json
447,447,Halo.json
448,448,Hands to Myself.json
449,449,Happens All the Time.json
450,450,Happier.json
451,451,Happiness Is a Warm Gun.json
452,452,Happy Hour.json
453,453,Harvester Of Sorrow.json
454,454,Hatfield.json
455,455,Haunting.json
456,456,Havana.json
457,457,Haven't Met You Yet.json
458,458,Head Over Boots.json
459,459,Hear Me.json
460,460,Heart Like Mine.json
461,461,Heartbreak Girl.json
462,462,HeartBreak Hotel.json
463,463,Heartbreak Weather.json
464,464,Heathens.json
465,465,Heaven.json
466,466,Hell of a Night.json
467,467,Hello World.json
468,468,Helter Skelter.json
469,469,Henry Lee (feat. PJ Harvey).json
470,470,Here Comes the Sun.json
471,471,Here We Come.json
472,472,Here's My Heart.json
473,473,Hero of the Day.json
474,474,Hero.json
475,475,Hey Jude.json
476,476,Hey There Delilah (Remix) (feat. Plain White T's).json
477,477,Hicktown.json
478,478,Higgs Boson Blues.json
479,479,High Hopes.json
480,480,Hillbilly Bone.json
481,481,History.json
482,482,Hit the Lights.json
483,483,Hold It Down.json
484,484,Hold Me Down.json
485,485,Hold On.json
486,486,Holding on to You.json
487,487,Holla If U Real.json
488,488,Holly Jolly Christmas.json
489,489,Hollywood.json
490,490,Home Is Where the Heart Is.json
491,491,Home.json
492,492,Homesick (feat. Chris Martin).json
493,493,Hometown.json
494,494,Honey Bee.json
495,495,Honey.json
496,496,Honeymoon Avenue.json
497,497,Hookah.json
498,498,Hooker with a Penis.json
499,499,Hotel Andrea.json
500,500,Hotter Than Hell.json
501,501,Hound Dog [Live].json
502,502,Hound Dog.json
503,503,House of Gold.json
504,504,House Party.json
505,505,How Can It Be.json
506,506,How Could You Leave Us.json
507,507,How It's Done.json
508,508,Hurricane.json
509,509,I Am the Walrus.json
510,510,I Am Yours.json
511,511,I Believe in You.json
512,512,I Bet My Life.json
513,513,I Can't Win.json
514,514,I Could Use a Love Song.json
515,515,I Do.json
516,516,I Don't Dance (Lee Brice cover).json
517,517,I Don't Even Know Your Name.json
518,518,I Don't Want This Night to End.json
519,519,I Endorse These Strippers (feat. Tyga & Brinx).json
520,520,I Found Someone.json
521,521,I Get a Kick Out of You.json
522,522,I Go Back.json
523,523,I Got It Bad (And That Ain't Good).json
524,524,I Gotta Hurt You.json
525,525,I Have Questions.json
526,526,I Just Really Miss You.json
527,527,I Knew You That Way.json
528,528,I Know What You Did Last Summer (with Camila Cabello).json
529,529,I Like It.json
530,530,I Lived It.json
531,531,I Love That I Hate You.json
532,532,I Love to Boogie [Single A-Side].json
533,533,I Met A Girl.json
534,534,I Miss the Old U.json
535,535,I Needed You.json
536,536,I Run to You.json
537,537,"I Spoke to the Devil in Miami, He Said Everything Would Be Fine.json"
538,538,I Think They Crazy.json
539,539,I Want To Break Free.json
540,540,I Want You Back.json
541,541,I Was Here.json
542,542,I Was Wrong.json
543,543,I Wish I Was.json
544,544,I Wish You Were Beer.json
545,545,I'd Be Jealous Too.json
546,546,I'll Just Hold On.json
547,547,I'll Keep On (feat. Jeremiah Carlson).json
548,548,I'm A Thug.json
549,549,I'm Alive (with Dave Matthews).json
550,550,I'm In The Mood For Love.json
551,551,I'm Not The Only One.json
552,552,I'm on It.json
553,553,I'm So Sorry.json
554,554,I'm Sorry.json
555,555,"I'm the One (feat. Justin Bieber, Quavo, Chance the Rapper & Lil Wayne).json"
556,556,I'm Your Man.json
557,557,I've Got You Under My Skin.json
558,558,I've Told You Now.json
559,559,Ice and Rain.json
560,560,Ice Cream Man.json
561,561,IDFC.json
562,562,IDGAF.json
563,563,If I Can Dream.json
564,564,If I Ever Get You Back.json
565,565,If I Knew Then.json
566,566,If I Know Me.json
567,567,If You Want Love.json
568,568,Illest Bitch.json
569,569,Imagination.json
570,570,Impacto (feat. Fergie).json
571,571,In My Blood.json
572,572,In My Life.json
573,573,In the Dark.json
574,574,In The Ghetto.json
575,575,In the Good Old Summertime.json
576,576,In The Morning.json
577,577,In The Wee Small Hours Of The Morning.json
578,578,Inside Out.json
579,579,Into It.json
580,580,Into My Arms.json
581,581,Into You.json
582,582,Intro III.json
583,583,Invisible.json
584,584,Is There Any Love (feat. Wale).json
585,585,Isle of Flightless Birds.json
586,586,It Ain't Me.json
587,587,It Goes Like This.json
588,588,It Had Better Be Tonight (Meglio Stasera).json
589,589,It Had To Be You.json
590,590,It Turns Me On.json
591,591,It Was A Very Good Year.json
592,592,It Will Rain.json
593,593,It's a Beautiful Day.json
594,594,It's Time.json
595,595,Jack.json
596,596,Jailhouse Rock.json
597,597,Jambi.json
598,598,Jet Black Heart.json
599,599,Jimmy.json
600,600,Jingle Bells.json
601,601,Jingle Jingle Jingle.json
602,602,Jocelyn Flores.json
603,603,Johnny Boy.json
604,604,Johnny Too Bad.json
605,605,Jubilee Street.json
606,606,Just A Kiss.json
607,607,Just Another Thing.json
608,608,Just the Way You Are.json
609,609,Keep The Girl.json
610,610,Kentucky Rain.json
611,611,Kerosene.json
612,612,Kevin's Heart.json
613,613,Key Lime Pie.json
614,614,Kick The Dust Up.json
615,615,Killer Queen.json
616,616,Kim.json
617,617,King For a Day.json
618,618,King Nothing.json
619,619,King of the Dead.json
620,620,King.json
621,621,Kiss and Make Up.json
622,622,Kiss My Country Ass.json
623,623,Kiss Tomorrow Goodbye.json
624,624,Kitchen Sink.json
625,625,La Despedida.json
626,626,La La La.json
627,627,Last Dance.json
628,628,Last Minute Late Night.json
629,629,Latch (Acoustic).json
630,630,Lateralus.json
631,631,Latigazo.json
632,632,Laughed Until We Cried.json
633,633,Lavender Blue (Dilly Dilly) [From So Dear to My Heart].json
634,634,Lavender Blue (Dilly Dilly).json
635,635,Lay Me Down.json
636,636,Lay You Down (feat. Lil' Wayne).json
637,637,Learning.json
638,638,Leather in the Rain.json
639,639,Leave the Night On.json
640,640,Leave Your Lover.json
641,641,Leper Messiah.json
642,642,Let It Be.json
643,643,Let Me Love You (feat. Justin Bieber).json
644,644,Let You Down.json
645,645,Lethario.json
646,646,Letter.json
647,647,Liar.json
648,648,Lick.json
649,649,Lie To Me.json
650,650,Lie.json
651,651,Life Changes.json
652,652,Life of the Party.json
653,653,Life Support.json
654,654,Light of the World.json
655,655,Lighters (feat. Bruno Mars).json
656,656,Lights Please.json
657,657,Like a Throttle.json
658,658,Like I Can.json
659,659,Like Mariah (feat. Tyga).json
660,660,Like That Right There.json
661,661,Like to Be You.json
662,662,Like Toy Soldiers.json
663,663,Like You.json
664,664,Lil Porsche.json
665,665,Liquor Store Blues.json
666,666,Little Drummer Boy.json
667,667,Little Rain.json
668,668,Little Red Wagon.json
669,669,"Lo Que Paso, Paso.json"
670,670,Locked Out of Heaven.json
671,671,Look at Me Now.json
672,672,Look Up Child.json
673,673,Lookin' For A Good Time.json
674,674,Looking at Stars.json
675,675,Lord Forgive Me.json
676,676,Lose Yourself.json
677,677,Lost In Reality.json
678,678,Lost in the Moment.json
679,679,Lost in Your Light.json
680,680,Lost More Than I Found.json
681,681,Lost on You.json
682,682,Lost Ones.json
683,683,Lost.json
684,684,Lotus Flower Bomb.json
685,685,Love Again.json
686,686,Love And Marriage.json
687,687,Love Don't Live Here Anymore.json
688,688,Love Game.json
689,689,Love Is Looking for You.json
690,690,Love Me Harder.json
691,691,Love Me Like You Mean It.json
692,692,Love Me or Leave Me Alone.json
693,693,Love Me Tender.json
694,694,Love Me.json
695,695,Love Of My Life.json
696,696,Love Takes Time.json
697,697,Love the Girls.json
698,698,Love The Way You Lie (feat. Rihanna).json
699,699,Love This Pain.json
700,700,Love Will Remember.json
701,701,Love You Anymore.json
702,702,Love You from Here.json
703,703,Love You Like a Love Song.json
704,704,Love Your Memory.json
705,705,Love Yourself.json
706,706,Love Yourz.json
707,707,Love's To Blame.json
708,708,Loverman.json
709,709,Loving You [KX All Mono Main Version Takes].json
710,710,Loving You [KX Takes 1-15 Binaural Main Version Takes].json
711,711,Low Man's Lyric.json
712,712,Loyal.json
713,713,Luck Be a Lady.json
714,714,Lucy in the Sky with Diamonds.json
715,715,Make Daddy Proud.json
716,716,Make It Nasty.json
717,717,Make It To Me.json
718,718,Make You Miss Me.json
719,719,Makes Me Wanna.json
720,720,Makin' Plans.json
721,721,Mama Said.json
722,722,Mama Told Me.json
723,723,Mama's Broken Heart.json
724,724,MAMA.json
725,725,Mamacita (feat. Daddy Yankee).json
726,726,Mansion (feat. Fleurie).json
727,727,March to the Sea.json
728,728,Marry Me.json
729,729,Marry You.json
730,730,Mary Ann Regrets.json
731,731,Master of Puppets.json
732,732,Me and Charlie Talkin'.json
733,733,Me and Mrs. Jones.json
734,734,Me And My Truck.json
735,735,Me And You.json
736,736,Me.json
737,737,Memories.json
738,738,Mephistopheles.json
739,739,Mercy.json
740,740,Mermaids.json
741,741,Message to Harry Manback.json
742,742,Michelle.json
743,743,Middle of Nowhere.json
744,744,Midnight Train.json
745,745,Might as Well Get Stoned.json
746,746,Migraine.json
747,747,Millionaire.json
748,748,Mind Reader.json
749,749,Mirrors.json
750,750,Missing.json
751,751,Missin’ You Crazy.json
752,752,Mockingbird Hill.json
753,753,Mockingbird.json
754,754,Money Bag.json
755,755,Money Convo.json
756,756,Money on My Mind.json
757,757,Money.json
758,758,Monster.json
759,759,Moon River.json
760,760,Moondance.json
761,761,Moonlight.json
762,762,Moonshine.json
763,763,More Like Her.json
764,764,More of You.json
765,765,Mosh.json
766,766,Most People Are Good.json
767,767,Moving On.json
768,768,Mr. Rabbit.json
769,769,Music Box Blues.json
770,770,My All.json
771,771,My Church.json
772,772,My Dilemma.json
773,773,My Everything.json
774,774,My Kinda Party.json
775,775,My Life.json
776,776,My Revival.json
777,777,My Way.json
778,778,N Y L A.json
779,779,NANI WALE O KA’IULANI.json
780,780,Natalie.json
781,781,National Anthem.json
782,782,Natural.json
783,783,Naturally.json
784,784,Need You Now (in Simlish).json
785,785,Need You Now.json
786,786,Neon Light.json
787,787,Never Alone.json
788,788,Never Be Alone.json
789,789,Never Be the Same.json
790,790,Never Give Up.json
791,791,never gunna be the same.json
792,792,Never Let You Go.json
793,793,Never Say Never.json
794,794,New Americana.json
795,795,New Girl.json
796,796,New Love.json
797,797,New Rules.json
798,798,"New York, New York.json"
799,799,Next 2 You.json
800,800,Nice to Meet Ya.json
801,801,Night Enchanted.json
802,802,Night Train.json
803,803,Nike Boots.json
804,804,Nirvana.json
805,805,No Goodbyes.json
806,806,No Leaf Clover.json
807,807,No Love (feat. Lil Wayne).json
808,808,No Me Dejes Solo.json
809,809,No Peace.json
810,810,No Role Modelz.json
811,811,No Tears Left to Cry.json
812,812,Nobody But Me.json
813,813,Nobody to Blame.json
814,814,Nobody's Lonely Tonight.json
815,815,Norwegian Wood (This Bird Has Flown).json
816,816,Not Afraid.json
817,817,Not Good at Not.json
818,818,Not In That Way.json
819,819,Nothin' New.json
820,820,Nothing Else Matters.json
821,821,Nothing Left to Say.json
822,822,Now Is Forever.json
823,823,Now or Never.json
824,824,Numb.json
825,825,Nú Er Gunna Á Nýju Skónum.json
826,826,O Children.json
827,827,O Come All Ye Faithful.json
828,828,O Holy Night.json
829,829,O'Lord.json
830,830,"Ob-La-Di, Ob-La-Da.json"
831,831,Obsessed.json
832,832,Ode to Sleep.json
833,833,Off to the Races.json
834,834,Oh Lord.json
835,835,Oh My Love.json
836,836,"Oh, Ms. Believer.json"
837,837,Ol' Red.json
838,838,Old Blue Chair.json
839,839,Old City Bar.json
840,840,Old Dominion.json
841,841,OMG.json
842,842,On Fleek.json
843,843,On My Own.json
844,844,On My Way Home.json
845,845,On the Loose.json
846,846,On Top of Old Smokey.json
847,847,On Top of the World.json
848,848,Once And For All.json
849,849,Once.json
850,850,One Day You Will.json
851,851,One for My Baby (And One More for the Road).json
852,852,One Kiss.json
853,853,One Last Song.json
854,854,One Last Time.json
855,855,One Less Lonely Girl.json
856,856,One Sweet Day.json
857,857,One Time.json
858,858,One.json
859,859,Only Prettier.json
860,860,Orlando.json
861,861,Ornament.json
862,862,Our First Time.json
863,863,Our Kind of Love.json
864,864,Out of My Limit.json
865,865,Outcast.json
866,866,Outlaw State of Mind.json
867,867,Over You.json
868,868,Over.json
869,869,Overdose.json
870,870,Palace.json
871,871,Panic Attack!.json
872,872,Panic Attack.json
873,873,Panic Cord.json
874,874,Panic in Detroit.json
875,875,Panic Prone.json
876,876,Panic Song.json
877,877,Panic Station.json
878,878,Panic Switch.json
879,879,Panic.json
880,880,Paper Houses.json
881,881,"Paper, Scissors, Rock.json"
882,882,Papi Lover (feat. Nicole Scherzinger).json
883,883,Parabola.json
884,884,Parachute.json
885,885,Paralyzed.json
886,886,Party Song.json
887,887,Passionate Lady.json
888,888,Penny Lane.json
889,889,People Ain't No Good.json
890,890,Perfectly Wrong.json
891,891,Petals.json
892,892,Peter Pan.json
893,893,Pillow Talkin'.json
894,894,Plane to PR.json
895,895,Playboy Shit.json
896,896,Playboys of the Southwestern World.json
897,897,Playing For Keeps.json
898,898,Playing with Fire.json
899,899,Polaroid.json
900,900,Power to Redeem.json
901,901,Power Trip.json
902,902,Pr0.json
903,903,Pray.json
904,904,Press 7.json
905,905,Prison Sex.json
906,906,Problem (feat. Iggy Azalea).json
907,907,Proud.json
908,908,Pull It Off.json
909,909,Pull Up.json
910,910,Purpose.json
911,911,Push the Sky Away.json
912,912,Pushit.json
913,913,Put Your Hearts Up.json
914,914,"Quando, Quando, Quando.json"
915,915,Que Tengo Que Hacer.json
916,916,Rack City.json
917,917,Radioactive.json
918,918,Rain Is a Good Thing.json
919,919,Raised On It.json
920,920,Ready To Love Again.json
921,921,Real Friends.json
922,922,Real.json
923,923,Red Barz.json
924,924,Red Opps.json
925,925,Red Right Hand.json
926,926,Redneck Love Song.json
927,927,Reflection.json
928,928,Relentless.json
929,929,Remember This.json
930,930,Renegades.json
931,931,Requiem (The Fifth).json
932,932,Rescue Me.json
933,933,Return of Simba.json
934,934,Revenge.json
935,935,Rich Niggaz.json
936,936,Rich.json
937,937,Ride.json
938,938,"Riffs and Variations on a Single Note for Jelly Roll, Earl Hines, Louis Armstrong, Baby Dodds, and the King of Swing, to Name a Few.json"
939,939,Right in Two.json
940,940,Ring.json
941,941,Ritual.json
942,942,Robbers.json
943,943,Rock-A-Beatin' Boogie.json
944,944,Rockstars.json
945,945,Rollercoaster.json
946,946,Rompe (G-Unit Remix).json
947,947,Rompe.json
948,948,Rooftops.json
949,949,Room for 2.json
950,950,Root Beer Float (feat. Blackbear).json
951,951,Rosetta Stoned.json
952,952,Round And Round.json
953,953,Run It.json
954,954,Run.json
955,955,Runaway Baby.json
956,956,Runnin Low.json
957,957,Runnin' Just in Case.json
958,958,Running.json
959,959,Sabor A Melao.json
960,960,Sabotage.json
961,961,Sad But True.json
962,962,Sad!.json
963,963,Salt & Light.json
964,964,Same Old Love.json
965,965,Sangria.json
966,966,Santa Claus Is Comin' (In a Boogie Woogie Choo Choo Train).json
967,967,Saoco.json
968,968,Saturday Night.json
969,969,Sauce Boyz.json
970,970,Save Me.json
971,971,Save the Bones for Henry Jones.json
972,972,Save the Last Dance For Me.json
973,973,Say Goodbye.json
974,974,Say It First.json
975,975,Say It with Me.json
976,976,Scar Tissue.json
977,977,Scarecrow in the Garden.json
978,978,Scared To Be Lonely.json
979,979,Scars.json
980,980,Schism.json
981,981,Screen.json
982,982,Second One to Know.json
983,983,Second Wind.json
984,984,Secondhand Smoke.json
985,985,See You When I See You.json
986,986,Seein' Red.json
987,987,Seein' Stars.json
988,988,Seeing Blind.json
989,989,Selene.json
990,990,Selfish.json
991,991,Semen.json
992,992,Semi-Automatic.json
993,993,Sex.json
994,994,Señorita.json
995,995,Shameless.json
996,996,She Cranks My Tractor.json
997,997,She Knows.json
998,998,She Looks So Perfect.json
999,999,She Loves Control.json
1000,1000,She Thinks My Tractor's Sexy.json
1001,1001,She Wouldn't Be Gone.json
1002,1002,She's Country.json
1003,1003,Shots.json
1004,1004,Should've Kissed You.json
1005,1005,Side to Side.json
1006,1006,Silence.json
1007,1007,Silent Night.json
1008,1008,Silver and Gold.json
1009,1009,Since We're Alone.json
1010,1010,Sing For The Moment.json
1011,1011,Single For The Summer.json
1012,1012,Sirens.json
1013,1013,Sixteen.json
1014,1014,Skin & Bones.json
1015,1015,Skrrt Skrrt.json
1016,1016,Slaughter Ya Daughter.json
1017,1017,Slow Down.json
1018,1018,Slow Hands.json
1019,1019,Small Town Boy.json
1020,1020,Smoothie King.json
1021,1021,Snake Eyes Boogie.json
1022,1022,Sober.json
1023,1023,Some Beach.json
1024,1024,Somebody To Love.json
1025,1025,Someone Else Calling You Baby.json
1026,1026,Something Big.json
1027,1027,Something's Gotta Give.json
1028,1028,Something.json
1029,1029,Sometimes I Cry.json
1030,1030,Somewhere Beyond The Sea.json
1031,1031,Somewhere With You.json
1032,1032,Son of Sam.json
1033,1033,Song of Joy.json
1034,1034,Sorry for Partying.json
1035,1035,Sorry.json
1036,1036,South Side.json
1037,1037,Space Bound.json
1038,1038,Space.json
1039,1039,Speakers.json
1040,1040,Special.json
1041,1041,Spotlight.json
1042,1042,Square Pegs.json
1043,1043,Stagger Lee.json
1044,1044,Stan.json
1045,1045,Star of the Show.json
1046,1046,Stars.json
1047,1047,Starships.json
1048,1048,State Lines.json
1049,1049,Stay With Me.json
1050,1050,Stilettos.json
1051,1051,Still Fit to Boogie [Tommy Vance's Friday Rock Show BBC Session].json
1052,1052,Still Fit to Boogie.json
1053,1053,Still Got It.json
1054,1054,Stinkfist.json
1055,1055,Stitches.json
1056,1056,Story Of Another Us.json
1057,1057,Straight to You.json
1058,1058,Strangers In The Night.json
1059,1059,Strawberry Fields Forever.json
1060,1060,Stressed Out.json
1061,1061,Strip It Down.json
1062,1062,Stuck In The Moment.json
1063,1063,Sugar.json
1064,1064,Summer Wind.json
1065,1065,Summer.json
1066,1066,Summertime Sadness.json
1067,1067,Summertime.json
1068,1068,Sun Don't Go Down on That.json
1069,1069,"Sunrise, Sunburn, Sunset.json"
1070,1070,Superhuman.json
1071,1071,Superman.json
1072,1072,Sure Be Cool If You Did.json
1073,1073,Suspicious Minds.json
1074,1074,Sway.json
1075,1075,Sweet Betsy from Pike.json
1076,1076,Sweetheart.json
1077,1077,Switch Lanes.json
1078,1078,T-Shirt.json
1079,1079,Tailgate Blues.json
1080,1080,Take It Back.json
1081,1081,Take You Home.json
1082,1082,Take Your Time.json
1083,1083,Talkin' Tennessee.json
1084,1084,Talking to the Moon.json
1085,1085,Tall Boy.json
1086,1086,Taste.json
1087,1087,Tattooed Heart.json
1088,1088,Tattoos on This Town.json
1089,1089,Taxi Cab.json
1090,1090,Tell Me Something I Don't Know.json
1091,1091,Tennessee Whiskey.json
1092,1092,Tha Manipulation.json
1093,1093,"Thank U, Next.json"
1094,1094,That Man.json
1095,1095,That Should Be Me.json
1096,1096,That's All Right.json
1097,1097,That's Life.json
1098,1098,That's What I Like.json
1099,1099,That's Why I'm Here.json
1100,1100,The Artistic Integrity.json
1101,1101,The Baby.json
1102,1102,The Badness.json
1103,1103,The Best of Me.json
1104,1104,The Blue Tail Fly.json
1105,1105,The Bones.json
1106,1106,The Boys Of Fall.json
1107,1107,The Car in Front of Me.json
1108,1108,The Curse of Millhaven.json
1109,1109,The Day That Never Comes.json
1110,1110,The Dreams of Candlelight.json
1111,1111,The Fox.json
1112,1112,The Ghosts of Christmas Eve.json
1113,1113,The Good Stuff.json
1114,1114,The Grey Goose.json
1115,1115,The Grudge.json
1116,1116,The Heart Wants What It Wants.json
1117,1117,The House That Built Me.json
1118,1118,The King for a 1000 Years.json
1119,1119,The Kramer.json
1120,1120,The Lady Is A Tramp.json
1121,1121,The Lazy Song.json
1122,1122,The Little White Duck.json
1123,1123,The Long and Winding Road.json
1124,1124,The Man on the Flying Trapeze.json
1125,1125,The Mercy Seat.json
1126,1126,The Monster (feat. Rihanna).json
1127,1127,The Opening Title Sequence.json
1128,1128,The Other Side.json
1129,1129,The Outlaw Torn.json
1130,1130,The Pantaloon.json
1131,1131,The Patient.json
1132,1132,The Pot.json
1133,1133,The Prince of Peace.json
1134,1134,The Proof Of Your Love.json
1135,1135,The Real Slim Shady.json
1136,1136,The Remedy for a Broken Heart (Why Am I So in Love).json
1137,1137,The Roof.json
1138,1138,The Ship Song.json
1139,1139,The Show Must Go On.json
1140,1140,The Snow Came Down.json
1141,1141,The Tailor and the Mouse.json
1142,1142,The Thing That Should Not Be.json
1143,1143,The Tide.json
1144,1144,The Truth.json
1145,1145,The Unforgiven II.json
1146,1146,The Unforgiven III.json
1147,1147,The Unforgiven.json
1148,1148,The Waker.json
1149,1149,The Way I Am.json
1150,1150,The Way I Loved You.json
1151,1151,The Way I Talk.json
1152,1152,The Way Things Go.json
1153,1153,The Way You Look Tonight.json
1154,1154,The Way.json
1155,1155,The Weeping Song.json
1156,1156,The Weight.json
1157,1157,The Wonder Of You.json
1158,1158,The World That He Sees.json
1159,1159,Them Stems.json
1160,1160,Therapy Session.json
1161,1161,There Goes My Everything.json
1162,1162,There Goes My Life.json
1163,1163,"There She Goes, My Beautiful World.json"
1164,1164,There Was a Life.json
1165,1165,There's Always Tomorrow.json
1166,1166,There's Nothin' Holding Me Back.json
1167,1167,Things People Say.json
1168,1168,Thinking 'Bout You.json
1169,1169,Third Eye.json
1170,1170,This Christmas Day.json
1171,1171,This Feeling (feat. Kelsea Ballerini).json
1172,1172,This Is What It Takes.json
1173,1173,This Land Is Your Land (Woody Guthrie cover).json
1174,1174,This Town.json
1175,1175,Through the Night.json
1176,1176,Through The Rain.json
1177,1177,Thru Your Phone.json
1178,1178,Thug for Life (feat. Kase & Mystic).json
1179,1179,Thug Holiday (feat. LaTocha Scott).json
1180,1180,Thug Life Again (feat. Money Mark Diggla & Myiera B's).json
1181,1181,Thug Life.json
1182,1182,Thug Money.json
1183,1183,Thug Motivation 101.json
1184,1184,Thug Niggas Don't Live That Long.json
1185,1185,Thunder in the Rain.json
1186,1186,Thunder.json
1187,1187,Till I Collapse.json
1188,1188,Tin Man.json
1189,1189,Tiptoe.json
1190,1190,To Learn Her.json
1191,1191,Today My Life Begins.json
1192,1192,Too Damn Young.json
1193,1193,Too Good at Goodbyes.json
1194,1194,Too Much to Ask.json
1195,1195,Touch It.json
1196,1196,Touch My Body.json
1197,1197,Trash a Hotel Room.json
1198,1198,Traveller.json
1199,1199,Treasure.json
1200,1200,Treat You Better.json
1201,1201,Trees.json
1202,1202,Trouble.json
1203,1203,Truce.json
1204,1204,Trust In You.json
1205,1205,Trust Issues.json
1206,1206,Try (Just a Little Bit Harder) [Live].json
1207,1207,Tu Principe.json
1208,1208,Twinbow.json
1209,1209,U Smile.json
1210,1210,Under Pressure.json
1211,1211,Underage.json
1212,1212,Understand.json
1213,1213,Unforgettable.json
1214,1214,Unpredictable.json
1215,1215,Until It Sleeps.json
1216,1216,Up 2 You.json
1217,1217,Up All Night.json
1218,1218,Up Down.json
1219,1219,Used to Love You Sober.json
1220,1220,Vacation.json
1221,1221,Valentine.json
1222,1222,Vandalizer.json
1223,1223,Versace on the Floor.json
1224,1224,Vicarious.json
1225,1225,Vice City.json
1226,1226,Video Games.json
1227,1227,Villuminati.json
1228,1228,Virginia Bluebell.json
1229,1229,Vision of Love.json
1230,1230,Voodoo Doll.json
1231,1231,W.A.L.E.D.A.N.C.E..json
1232,1232,Wait for a Minute.json
1233,1233,Wake Up.json
1234,1234,Walls Could Talk.json
1235,1235,Want To.json
1236,1236,Wanted You More.json
1237,1237,Warriors.json
1238,1238,Was It 26.json
1239,1239,Wash Poppin.json
1240,1240,We Are Santa's Elves.json
1241,1241,We Are The Champions.json
1242,1242,We Are Tonight.json
1243,1243,We Belong Together.json
1244,1244,We Made You.json
1245,1245,We Owned the Night.json
1246,1246,We Rode in Trucks.json
1247,1247,We Will Rock You.json
1248,1248,We're Gunna Take on the World.json
1249,1249,We're Not Gunna Get Old.json
1250,1250,Weak When Ur Around.json
1251,1251,Welcome Home (Sanitarium).json
1252,1252,Wet Dreamz.json
1253,1253,Wet the Bed.json
1254,1254,What About Georgia.json
1255,1255,What Are You Listening To.json
1256,1256,What Child Is This.json
1257,1257,What Country Is.json
1258,1258,What I Can't Put Down.json
1259,1259,What Ifs.json
1260,1260,What Is Eternal.json
1261,1261,What Is Love.json
1262,1262,What's Mine Is Yours.json
1263,1263,Whatcha Know 'Bout That.json
1264,1264,Whatever It Takes.json
1265,1265,When I Was Your Man.json
1266,1266,When I'm Gone.json
1267,1267,When I’ve Been Drinkin’.json
1268,1268,When the Stars Come Out.json
1269,1269,When You Believe.json
1270,1270,When You Got a Good Thing.json
1271,1271,When You’re Ready.json
1272,1272,Whenever You Call.json
1273,1273,Where Are You Now.json
1274,1274,Where It's At.json
1275,1275,Where the Wild Roses Grow (feat. Kylie Minogue).json
1276,1276,Wherever I May Roam.json
1277,1277,Wherever You Are.json
1278,1278,While My Guitar Gently Weeps.json
1279,1279,Whips.json
1280,1280,Whiskey and You.json
1281,1281,Whiskey Glasses.json
1282,1282,Whiskey in the Jar (Thin Lizzy cover).json
1283,1283,White America.json
1284,1284,White Liar.json
1285,1285,Who Are You When I'm Not Looking.json
1286,1286,Who Says.json
1287,1287,Who We Are.json
1288,1288,Who You'd be Today.json
1289,1289,Whole Lot.json
1290,1290,Whore out the Hole.json
1291,1291,Why Try.json
1292,1292,Why We Call Each Other.json
1293,1293,Why.json
1294,1294,WingRiddenAngel.json
1295,1295,Wish U the Best.json
1296,1296,Witchcraft.json
1297,1297,With You.json
1298,1298,Without Me.json
1299,1299,Without You.json
1300,1300,Wolves.json
1301,1301,Wordless.json
1302,1302,Work Out.json
1303,1303,World's Gunna End.json
1304,1304,Write You a Song.json
1305,1305,Writing's on the Wall.json
1306,1306,Wrong.json
1307,1307,XO.json
1308,1308,Yeah 3X.json
1309,1309,Yeah Boy.json
1310,1310,Yellow Submarine.json
1311,1311,Yesterday.json
1312,1312,You and I.json
1313,1313,You and Me.json
1314,1314,You and Tequila.json
1315,1315,You Don't Know Jack.json
1316,1316,You Don't Know Me.json
1317,1317,You Had Me From Hello.json
1318,1318,You Save Me.json
1319,1319,You Say.json
1320,1320,You're Special.json
1321,1321,You're The Love I Wanna Be In.json
1322,1322,Young and Beautiful.json
1323,1323,Young At Heart.json
1324,1324,Young Girls.json
1325,1325,Young.json
1326,1326,Youngblood.json
1327,1327,Your Daddy's Boots.json
1328,1328,Your Plan.json
